Loan_ID,Gender,Married,Dependents,Education,Self_Employed,ApplicantIncome,CoapplicantIncome,LoanAmount,Loan_Amount_Term,Credit_History,Property_Area,Loan_Status
LP001002,1,2,0,1,2,5849,0,-99999,360,1,3,1
LP001003,1,1,1,1,2,4583,1508,128,360,1,1,2
LP001005,1,1,0,1,1,3000,0,66,360,1,3,1
LP001006,1,1,0,2,2,2583,2358,120,360,1,3,1
LP001008,1,2,0,1,2,6000,0,141,360,1,3,1
LP001011,1,1,2,1,1,5417,4196,267,360,1,3,1
LP001013,1,1,0,2,2,2333,1516,95,360,1,3,1
LP001014,1,1,3,1,2,3036,2504,158,360,0,2,2
LP001018,1,1,2,1,2,4006,1526,168,360,1,3,1
LP001020,1,1,1,1,2,12841,10968,349,360,1,2,2
LP001024,1,1,2,1,2,3200,700,70,360,1,3,1
LP001027,1,1,2,1,-99999,2500,1840,109,360,1,3,1
LP001028,1,1,2,1,2,3073,8106,200,360,1,3,1
LP001029,1,2,0,1,2,1853,2840,114,360,1,1,2
LP001030,1,1,2,1,2,1299,1086,17,120,1,3,1
LP001032,1,2,0,1,2,4950,0,125,360,1,3,1
LP001034,1,2,1,2,2,3596,0,100,240,-99999,3,1
LP001036,2,2,0,1,2,3510,0,76,360,0,3,2
LP001038,1,1,0,2,2,4887,0,133,360,1,1,2
LP001041,1,1,0,1,-99999,2600,3500,115,-99999,1,3,1
LP001043,1,1,0,2,2,7660,0,104,360,0,3,2
LP001046,1,1,1,1,2,5955,5625,315,360,1,3,1
LP001047,1,1,0,2,2,2600,1911,116,360,0,2,2
LP001050,-99999,1,2,2,2,3365,1917,112,360,0,1,2
LP001052,1,1,1,1,-99999,3717,2925,151,360,-99999,2,2
LP001066,1,1,0,1,1,9560,0,191,360,1,2,1
LP001068,1,1,0,1,2,2799,2253,122,360,1,2,1
LP001073,1,1,2,2,2,4226,1040,110,360,1,3,1
LP001086,1,2,0,2,2,1442,0,35,360,1,3,2
LP001087,2,2,2,1,-99999,3750,2083,120,360,1,2,1
LP001091,1,1,1,1,-99999,4166,3369,201,360,-99999,3,2
LP001095,1,2,0,1,2,3167,0,74,360,1,3,2
LP001097,1,2,1,1,1,4692,0,106,360,1,1,2
LP001098,1,1,0,1,2,3500,1667,114,360,1,2,1
LP001100,1,2,3,1,2,12500,3000,320,360,1,1,2
LP001106,1,1,0,1,2,2275,2067,-99999,360,1,3,1
LP001109,1,1,0,1,2,1828,1330,100,-99999,0,3,2
LP001112,2,1,0,1,2,3667,1459,144,360,1,2,1
LP001114,1,2,0,1,2,4166,7210,184,360,1,3,1
LP001116,1,2,0,2,2,3748,1668,110,360,1,2,1
LP001119,1,2,0,1,2,3600,0,80,360,1,3,2
LP001120,1,2,0,1,2,1800,1213,47,360,1,3,1
LP001123,1,1,0,1,2,2400,0,75,360,-99999,3,1
LP001131,1,1,0,1,2,3941,2336,134,360,1,2,1
LP001136,1,1,0,2,1,4695,0,96,-99999,1,3,1
LP001137,2,2,0,1,2,3410,0,88,-99999,1,3,1
LP001138,1,1,1,1,2,5649,0,44,360,1,3,1
LP001144,1,1,0,1,2,5821,0,144,360,1,3,1
LP001146,2,1,0,1,2,2645,3440,120,360,0,3,2
LP001151,2,2,0,1,2,4000,2275,144,360,1,2,1
LP001155,2,1,0,2,2,1928,1644,100,360,1,2,1
LP001157,2,2,0,1,2,3086,0,120,360,1,2,1
LP001164,2,2,0,1,2,4230,0,112,360,1,2,2
LP001179,1,1,2,1,2,4616,0,134,360,1,3,2
LP001186,2,1,1,1,1,11500,0,286,360,0,3,2
LP001194,1,1,2,1,2,2708,1167,97,360,1,2,1
LP001195,1,1,0,1,2,2132,1591,96,360,1,2,1
LP001197,1,1,0,1,2,3366,2200,135,360,1,1,2
LP001198,1,1,1,1,2,8080,2250,180,360,1,3,1
LP001199,1,1,2,2,2,3357,2859,144,360,1,3,1
LP001205,1,1,0,1,2,2500,3796,120,360,1,3,1
LP001206,1,1,3,1,2,3029,0,99,360,1,3,1
LP001207,1,1,0,2,1,2609,3449,165,180,0,1,2
LP001213,1,1,1,1,2,4945,0,-99999,360,0,1,2
LP001222,2,2,0,1,2,4166,0,116,360,0,2,2
LP001225,1,1,0,1,2,5726,4595,258,360,1,2,2
LP001228,1,2,0,2,2,3200,2254,126,180,0,3,2
LP001233,1,1,1,1,2,10750,0,312,360,1,3,1
LP001238,1,1,3,2,1,7100,0,125,60,1,3,1
LP001241,2,2,0,1,2,4300,0,136,360,0,2,2
LP001243,1,1,0,1,2,3208,3066,172,360,1,3,1
LP001245,1,1,2,2,1,1875,1875,97,360,1,2,1
LP001248,1,2,0,1,2,3500,0,81,300,1,2,1
LP001250,1,1,3,2,2,4755,0,95,-99999,0,2,2
LP001253,1,1,3,1,1,5266,1774,187,360,1,2,1
LP001255,1,2,0,1,2,3750,0,113,480,1,3,2
LP001256,1,2,0,1,2,3750,4750,176,360,1,3,2
LP001259,1,1,1,1,1,1000,3022,110,360,1,3,2
LP001263,1,1,3,1,2,3167,4000,180,300,0,2,2
LP001264,1,1,3,2,1,3333,2166,130,360,-99999,2,1
LP001265,2,2,0,1,2,3846,0,111,360,1,2,1
LP001266,1,1,1,1,1,2395,0,-99999,360,1,2,1
LP001267,2,1,2,1,2,1378,1881,167,360,1,3,2
LP001273,1,1,0,1,2,6000,2250,265,360,-99999,2,2
LP001275,1,1,1,1,2,3988,0,50,240,1,3,1
LP001279,1,2,0,1,2,2366,2531,136,360,1,2,1
LP001280,1,1,2,2,2,3333,2000,99,360,-99999,2,1
LP001282,1,1,0,1,2,2500,2118,104,360,1,2,1
LP001289,1,2,0,1,2,8566,0,210,360,1,3,1
LP001310,1,1,0,1,2,5695,4167,175,360,1,2,1
LP001316,1,1,0,1,2,2958,2900,131,360,1,2,1
LP001318,1,1,2,1,2,6250,5654,188,180,1,2,1
LP001319,1,1,2,2,2,3273,1820,81,360,1,3,1
LP001322,1,2,0,1,2,4133,0,122,360,1,2,1
LP001325,1,2,0,2,2,3620,0,25,120,1,2,1
LP001326,1,2,0,1,-99999,6782,0,-99999,360,-99999,3,2
LP001327,2,1,0,1,2,2484,2302,137,360,1,2,1
LP001333,1,1,0,1,2,1977,997,50,360,1,2,1
LP001334,1,1,0,2,2,4188,0,115,180,1,2,1
LP001343,1,1,0,1,2,1759,3541,131,360,1,2,1
LP001345,1,1,2,2,2,4288,3263,133,180,1,3,1
LP001349,1,2,0,1,2,4843,3806,151,360,1,2,1
LP001350,1,1,-99999,1,2,13650,0,-99999,360,1,3,1
LP001356,1,1,0,1,2,4652,3583,-99999,360,1,2,1
LP001357,1,-99999,-99999,1,2,3816,754,160,360,1,3,1
LP001367,1,1,1,1,2,3052,1030,100,360,1,3,1
LP001369,1,1,2,1,2,11417,1126,225,360,1,3,1
LP001370,1,2,0,2,-99999,7333,0,120,360,1,1,2
LP001379,1,1,2,1,2,3800,3600,216,360,0,3,2
LP001384,1,1,3,2,2,2071,754,94,480,1,2,1
LP001385,1,2,0,1,2,5316,0,136,360,1,3,1
LP001387,2,1,0,1,-99999,2929,2333,139,360,1,2,1
LP001391,1,1,0,2,2,3572,4114,152,-99999,0,1,2
LP001392,2,2,1,1,1,7451,0,-99999,360,1,2,1
LP001398,1,2,0,1,-99999,5050,0,118,360,1,2,1
LP001401,1,1,1,1,2,14583,0,185,180,1,1,1
LP001404,2,1,0,1,2,3167,2283,154,360,1,2,1
LP001405,1,1,1,1,2,2214,1398,85,360,-99999,3,1
LP001421,1,1,0,1,2,5568,2142,175,360,1,1,2
LP001422,2,2,0,1,2,10408,0,259,360,1,3,1
LP001426,1,1,-99999,1,2,5667,2667,180,360,1,1,1
LP001430,2,2,0,1,2,4166,0,44,360,1,2,1
LP001431,2,2,0,1,2,2137,8980,137,360,0,2,1
LP001432,1,1,2,1,2,2957,0,81,360,1,2,1
LP001439,1,1,0,2,2,4300,2014,194,360,1,1,1
LP001443,2,2,0,1,2,3692,0,93,360,-99999,1,1
LP001448,-99999,1,3,1,2,23803,0,370,360,1,1,1
LP001449,1,2,0,1,2,3865,1640,-99999,360,1,1,1
LP001451,1,1,1,1,1,10513,3850,160,180,0,3,2
LP001465,1,1,0,1,2,6080,2569,182,360,-99999,1,2
LP001469,1,2,0,1,1,20166,0,650,480,-99999,3,1
LP001473,1,2,0,1,2,2014,1929,74,360,1,3,1
LP001491,1,1,2,1,1,3316,3500,88,360,1,3,1
LP001492,1,2,0,1,2,14999,0,242,360,0,2,2
LP001493,1,1,2,2,2,4200,1430,129,360,1,1,2
LP001497,1,1,2,1,2,5042,2083,185,360,1,1,2
LP001498,1,2,0,1,2,5417,0,168,360,1,3,1
LP001504,1,2,0,1,1,6950,0,175,180,1,2,1
LP001507,1,1,0,1,2,2698,2034,122,360,1,2,1
LP001508,1,1,2,1,2,11757,0,187,180,1,3,1
LP001514,2,1,0,1,2,2330,4486,100,360,1,2,1
LP001516,2,1,2,1,2,14866,0,70,360,1,3,1
LP001518,1,1,1,1,2,1538,1425,30,360,1,3,1
LP001519,2,2,0,1,2,10000,1666,225,360,1,1,2
LP001520,1,1,0,1,2,4860,830,125,360,1,2,1
LP001528,1,2,0,1,2,6277,0,118,360,0,1,2
LP001529,1,1,0,1,1,2577,3750,152,360,1,1,1
LP001531,1,2,0,1,2,9166,0,244,360,1,3,2
LP001532,1,1,2,2,2,2281,0,113,360,1,1,2
LP001535,1,2,0,1,2,3254,0,50,360,1,3,1
LP001536,1,1,3,1,2,39999,0,600,180,0,2,1
LP001541,1,1,1,1,2,6000,0,160,360,-99999,1,1
LP001543,1,1,1,1,2,9538,0,187,360,1,3,1
LP001546,1,2,0,1,-99999,2980,2083,120,360,1,1,1
LP001552,1,1,0,1,2,4583,5625,255,360,1,2,1
LP001560,1,1,0,2,2,1863,1041,98,360,1,2,1
LP001562,1,1,0,1,2,7933,0,275,360,1,3,2
LP001565,1,1,1,1,2,3089,1280,121,360,0,2,2
LP001570,1,1,2,1,2,4167,1447,158,360,1,1,1
LP001572,1,1,0,1,2,9323,0,75,180,1,3,1
LP001574,1,1,0,1,2,3707,3166,182,-99999,1,1,1
LP001577,2,1,0,1,2,4583,0,112,360,1,1,2
LP001578,1,1,0,1,2,2439,3333,129,360,1,1,1
LP001579,1,2,0,1,2,2237,0,63,480,0,2,2
LP001580,1,1,2,1,2,8000,0,200,360,1,2,1
LP001581,1,1,0,2,-99999,1820,1769,95,360,1,1,1
LP001585,-99999,1,3,1,2,51763,0,700,300,1,3,1
LP001586,1,1,3,2,2,3522,0,81,180,1,1,2
LP001594,1,1,0,1,2,5708,5625,187,360,1,2,1
LP001603,1,1,0,2,1,4344,736,87,360,1,2,2
LP001606,1,1,0,1,2,3497,1964,116,360,1,1,1
LP001608,1,1,2,1,2,2045,1619,101,360,1,1,1
LP001610,1,1,3,1,2,5516,11300,495,360,0,2,2
LP001616,1,1,1,1,2,3750,0,116,360,1,2,1
LP001630,1,2,0,2,2,2333,1451,102,480,0,3,2
LP001633,1,1,1,1,2,6400,7250,180,360,0,3,2
LP001634,1,2,0,1,2,1916,5063,67,360,-99999,1,2
LP001636,1,1,0,1,2,4600,0,73,180,1,2,1
LP001637,1,1,1,1,2,33846,0,260,360,1,2,2
LP001639,2,1,0,1,2,3625,0,108,360,1,2,1
LP001640,1,1,0,1,1,39147,4750,120,360,1,2,1
LP001641,1,1,1,1,1,2178,0,66,300,0,1,2
LP001643,1,1,0,1,2,2383,2138,58,360,-99999,1,1
LP001644,-99999,1,0,1,1,674,5296,168,360,1,1,1
LP001647,1,1,0,1,2,9328,0,188,180,1,1,1
LP001653,1,2,0,2,2,4885,0,48,360,1,1,1
LP001656,1,2,0,1,2,12000,0,164,360,1,2,2
LP001657,1,1,0,2,2,6033,0,160,360,1,3,2
LP001658,1,2,0,1,2,3858,0,76,360,1,2,1
LP001664,1,2,0,1,2,4191,0,120,360,1,1,1
LP001665,1,1,1,1,2,3125,2583,170,360,1,2,2
LP001666,1,2,0,1,2,8333,3750,187,360,1,1,1
LP001669,2,2,0,2,2,1907,2365,120,-99999,1,3,1
LP001671,2,1,0,1,2,3416,2816,113,360,-99999,2,1
LP001673,1,2,0,1,1,11000,0,83,360,1,3,2
LP001674,1,1,1,2,2,2600,2500,90,360,1,2,1
LP001677,1,2,2,1,2,4923,0,166,360,0,2,1
LP001682,1,1,3,2,2,3992,0,-99999,180,1,3,2
LP001688,1,1,1,2,2,3500,1083,135,360,1,3,1
LP001691,1,1,2,2,2,3917,0,124,360,1,2,1
LP001692,2,2,0,2,2,4408,0,120,360,1,2,1
LP001693,2,2,0,1,2,3244,0,80,360,1,3,1
LP001698,1,2,0,2,2,3975,2531,55,360,1,1,1
LP001699,1,2,0,1,2,2479,0,59,360,1,3,1
LP001702,1,2,0,1,2,3418,0,127,360,1,2,2
LP001708,2,2,0,1,2,10000,0,214,360,1,2,2
LP001711,1,1,3,1,2,3430,1250,128,360,0,2,2
LP001713,1,1,1,1,1,7787,0,240,360,1,3,1
LP001715,1,1,3,2,1,5703,0,130,360,1,1,1
LP001716,1,1,0,1,2,3173,3021,137,360,1,3,1
LP001720,1,1,3,2,2,3850,983,100,360,1,2,1
LP001722,1,1,0,1,2,150,1800,135,360,1,1,2
LP001726,1,1,0,1,2,3727,1775,131,360,1,2,1
LP001732,1,1,2,1,-99999,5000,0,72,360,0,2,2
LP001734,2,1,2,1,2,4283,2383,127,360,-99999,2,1
LP001736,1,1,0,1,2,2221,0,60,360,0,3,2
LP001743,1,1,2,1,2,4009,1717,116,360,1,2,1
LP001744,1,2,0,1,2,2971,2791,144,360,1,2,1
LP001749,1,1,0,1,2,7578,1010,175,-99999,1,2,1
LP001750,1,1,0,1,2,6250,0,128,360,1,2,1
LP001751,1,1,0,1,2,3250,0,170,360,1,1,2
LP001754,1,1,-99999,2,1,4735,0,138,360,1,3,2
LP001758,1,1,2,1,2,6250,1695,210,360,1,2,1
LP001760,1,-99999,-99999,1,2,4758,0,158,480,1,2,1
LP001761,1,2,0,1,1,6400,0,200,360,1,1,1
LP001765,1,1,1,1,2,2491,2054,104,360,1,2,1
LP001768,1,1,0,1,-99999,3716,0,42,180,1,1,1
LP001770,1,2,0,2,2,3189,2598,120,-99999,1,1,1
LP001776,2,2,0,1,2,8333,0,280,360,1,2,1
LP001778,1,1,1,1,2,3155,1779,140,360,1,2,1
LP001784,1,1,1,1,2,5500,1260,170,360,1,1,1
LP001786,1,1,0,1,-99999,5746,0,255,360,-99999,3,2
LP001788,2,2,0,1,1,3463,0,122,360,-99999,3,1
LP001790,2,2,1,1,2,3812,0,112,360,1,1,1
LP001792,1,1,1,1,2,3315,0,96,360,1,2,1
LP001798,1,1,2,1,2,5819,5000,120,360,1,1,1
LP001800,1,1,1,2,2,2510,1983,140,180,1,3,2
LP001806,1,2,0,1,2,2965,5701,155,60,1,3,1
LP001807,1,1,2,1,1,6250,1300,108,360,1,1,1
LP001811,1,1,0,2,2,3406,4417,123,360,1,2,1
LP001813,1,2,0,1,1,6050,4333,120,180,1,3,2
LP001814,1,1,2,1,2,9703,0,112,360,1,3,1
LP001819,1,1,1,2,2,6608,0,137,180,1,3,1
LP001824,1,1,1,1,2,2882,1843,123,480,1,2,1
LP001825,1,1,0,1,2,1809,1868,90,360,1,3,1
LP001835,1,1,0,2,2,1668,3890,201,360,0,2,2
LP001836,2,2,2,1,2,3427,0,138,360,1,3,2
LP001841,1,2,0,2,1,2583,2167,104,360,1,1,1
LP001843,1,1,1,2,2,2661,7101,279,180,1,2,1
LP001844,1,2,0,1,1,16250,0,192,360,0,3,2
LP001846,2,2,3,1,2,3083,0,255,360,1,1,1
LP001849,1,2,0,2,2,6045,0,115,360,0,1,2
LP001854,1,1,3,1,2,5250,0,94,360,1,3,2
LP001859,1,1,0,1,2,14683,2100,304,360,1,1,2
LP001864,1,1,3,2,2,4931,0,128,360,-99999,2,2
LP001865,1,1,1,1,2,6083,4250,330,360,-99999,3,1
LP001868,1,2,0,1,2,2060,2209,134,360,1,2,1
LP001870,2,2,1,1,2,3481,0,155,36,1,2,2
LP001871,2,2,0,1,2,7200,0,120,360,1,1,1
LP001872,1,2,0,1,1,5166,0,128,360,1,2,1
LP001875,1,2,0,1,2,4095,3447,151,360,1,1,1
LP001877,1,1,2,1,2,4708,1387,150,360,1,2,1
LP001882,1,1,3,1,2,4333,1811,160,360,0,3,1
LP001883,2,2,0,1,-99999,3418,0,135,360,1,1,2
LP001884,2,2,1,1,2,2876,1560,90,360,1,3,1
LP001888,2,2,0,1,2,3237,0,30,360,1,3,1
LP001891,1,1,0,1,2,11146,0,136,360,1,3,1
LP001892,1,2,0,1,2,2833,1857,126,360,1,1,1
LP001894,1,1,0,1,2,2620,2223,150,360,1,2,1
LP001896,1,1,2,1,2,3900,0,90,360,1,2,1
LP001900,1,1,1,1,2,2750,1842,115,360,1,2,1
LP001903,1,1,0,1,2,3993,3274,207,360,1,2,1
LP001904,1,1,0,1,2,3103,1300,80,360,1,3,1
LP001907,1,1,0,1,2,14583,0,436,360,1,2,1
LP001908,2,1,0,2,2,4100,0,124,360,-99999,1,1
LP001910,1,2,1,2,1,4053,2426,158,360,0,3,2
LP001914,1,1,0,1,2,3927,800,112,360,1,2,1
LP001915,1,1,2,1,2,2301,985.7999878,78,180,1,3,1
LP001917,2,2,0,1,2,1811,1666,54,360,1,3,1
LP001922,1,1,0,1,2,20667,0,-99999,360,1,1,2
LP001924,1,2,0,1,2,3158,3053,89,360,1,1,1
LP001925,2,2,0,1,1,2600,1717,99,300,1,2,2
LP001926,1,1,0,1,2,3704,2000,120,360,1,1,1
LP001931,2,2,0,1,2,4124,0,115,360,1,2,1
LP001935,1,2,0,1,2,9508,0,187,360,1,1,1
LP001936,1,1,0,1,2,3075,2416,139,360,1,1,1
LP001938,1,1,2,1,2,4400,0,127,360,0,2,2
LP001940,1,1,2,1,2,3153,1560,134,360,1,3,1
LP001945,2,2,-99999,1,2,5417,0,143,480,0,3,2
LP001947,1,1,0,1,2,2383,3334,172,360,1,2,1
LP001949,1,1,3,1,-99999,4416,1250,110,360,1,3,1
LP001953,1,1,1,1,2,6875,0,200,360,1,2,1
LP001954,2,1,1,1,2,4666,0,135,360,1,3,1
LP001955,2,2,0,1,2,5000,2541,151,480,1,1,2
LP001963,1,1,1,1,2,2014,2925,113,360,1,3,2
LP001964,1,1,0,2,2,1800,2934,93,360,0,3,2
LP001972,1,1,-99999,2,2,2875,1750,105,360,1,2,1
LP001974,2,2,0,1,2,5000,0,132,360,1,1,1
LP001977,1,1,1,1,2,1625,1803,96,360,1,3,1
LP001978,1,2,0,1,2,4000,2500,140,360,1,1,1
LP001990,1,2,0,2,2,2000,0,-99999,360,1,3,2
LP001993,2,2,0,1,2,3762,1666,135,360,1,1,1
LP001994,2,2,0,1,2,2400,1863,104,360,0,3,2
LP001996,1,2,0,1,2,20233,0,480,360,1,1,2
LP001998,1,1,2,2,2,7667,0,185,360,-99999,1,1
LP002002,2,2,0,1,2,2917,0,84,360,1,2,1
LP002004,1,2,0,2,2,2927,2405,111,360,1,2,1
LP002006,2,2,0,1,2,2507,0,56,360,1,1,1
LP002008,1,1,2,1,1,5746,0,144,84,-99999,1,1
LP002024,-99999,1,0,1,2,2473,1843,159,360,1,1,2
LP002031,1,1,1,2,2,3399,1640,111,180,1,3,1
LP002035,1,1,2,1,2,3717,0,120,360,1,2,1
LP002036,1,1,0,1,2,2058,2134,88,360,-99999,3,1
LP002043,2,2,1,1,2,3541,0,112,360,-99999,2,1
LP002050,1,1,1,1,1,10000,0,155,360,1,1,2
LP002051,1,1,0,1,2,2400,2167,115,360,1,2,1
LP002053,1,1,3,1,2,4342,189,124,360,1,2,1
LP002054,1,1,2,2,2,3601,1590,-99999,360,1,1,1
LP002055,2,2,0,1,2,3166,2985,132,360,-99999,1,1
LP002065,1,1,3,1,2,15000,0,300,360,1,1,1
LP002067,1,1,1,1,1,8666,4983,376,360,0,1,2
LP002068,1,2,0,1,2,4917,0,130,360,0,1,1
LP002082,1,1,0,1,1,5818,2160,184,360,1,2,1
LP002086,2,1,0,1,2,4333,2451,110,360,1,3,2
LP002087,2,2,0,1,2,2500,0,67,360,1,3,1
LP002097,1,2,1,1,2,4384,1793,117,360,1,3,1
LP002098,1,2,0,1,2,2935,0,98,360,1,2,1
LP002100,1,2,-99999,1,2,2833,0,71,360,1,3,1
LP002101,1,1,0,1,-99999,63337,0,490,180,1,3,1
LP002103,-99999,1,1,1,1,9833,1833,182,180,1,3,1
LP002106,1,1,-99999,1,1,5503,4490,70,-99999,1,2,1
LP002110,1,1,1,1,-99999,5250,688,160,360,1,1,1
LP002112,1,1,2,1,1,2500,4600,176,360,1,1,1
LP002113,2,2,3,2,2,1830,0,-99999,360,0,3,2
LP002114,2,2,0,1,2,4160,0,71,360,1,2,1
LP002115,1,1,3,2,2,2647,1587,173,360,1,1,2
LP002116,2,2,0,1,2,2378,0,46,360,1,1,2
LP002119,1,1,1,2,2,4554,1229,158,360,1,3,1
LP002126,1,1,3,2,2,3173,0,74,360,1,2,1
LP002128,1,1,2,1,-99999,2583,2330,125,360,1,1,1
LP002129,1,1,0,1,2,2499,2458,160,360,1,2,1
LP002130,1,1,-99999,2,2,3523,3230,152,360,0,1,2
LP002131,1,1,2,2,2,3083,2168,126,360,1,3,1
LP002137,1,1,0,1,2,6333,4583,259,360,-99999,2,1
LP002138,1,1,0,1,2,2625,6250,187,360,1,1,1
LP002139,1,1,0,1,2,9083,0,228,360,1,2,1
LP002140,1,2,0,1,2,8750,4167,308,360,1,1,2
LP002141,1,1,3,1,2,2666,2083,95,360,1,1,1
LP002142,2,1,0,1,1,5500,0,105,360,0,1,2
LP002143,2,1,0,1,2,2423,505,130,360,1,2,1
LP002144,2,2,-99999,1,2,3813,0,116,180,1,3,1
LP002149,1,1,2,1,2,8333,3167,165,360,1,1,1
LP002151,1,1,1,1,2,3875,0,67,360,1,3,2
LP002158,1,1,0,2,2,3000,1666,100,480,0,3,2
LP002160,1,1,3,1,2,5167,3167,200,360,1,2,1
LP002161,2,2,1,1,2,4723,0,81,360,1,2,2
LP002170,1,1,2,1,2,5000,3667,236,360,1,2,1
LP002175,1,1,0,1,2,4750,2333,130,360,1,3,1
LP002178,1,1,0,1,2,3013,3033,95,300,-99999,3,1
LP002180,1,2,0,1,1,6822,0,141,360,1,1,1
LP002181,1,2,0,2,2,6216,0,133,360,1,1,2
LP002187,1,2,0,1,2,2500,0,96,480,1,2,2
LP002188,1,2,0,1,2,5124,0,124,-99999,0,1,2
LP002190,1,1,1,1,2,6325,0,175,360,1,2,1
LP002191,1,1,0,1,2,19730,5266,570,360,1,1,2
LP002194,2,2,0,1,1,15759,0,55,360,1,2,1
LP002197,1,1,2,1,2,5185,0,155,360,1,2,1
LP002201,1,1,2,1,1,9323,7873,380,300,1,1,1
LP002205,1,2,1,1,2,3062,1987,111,180,0,3,2
LP002209,2,2,0,1,-99999,2764,1459,110,360,1,3,1
LP002211,1,1,0,1,2,4817,923,120,180,1,3,1
LP002219,1,1,3,1,2,8750,4996,130,360,1,1,1
LP002223,1,1,0,1,2,4310,0,130,360,-99999,2,1
LP002224,1,2,0,1,2,3069,0,71,480,1,3,2
LP002225,1,1,2,1,2,5391,0,130,360,1,3,1
LP002226,1,1,0,1,-99999,3333,2500,128,360,1,2,1
LP002229,1,2,0,1,2,5941,4232,296,360,1,2,1
LP002231,2,2,0,1,2,6000,0,156,360,1,3,1
LP002234,1,2,0,1,1,7167,0,128,360,1,3,1
LP002236,1,1,2,1,2,4566,0,100,360,1,3,2
LP002237,1,2,1,1,-99999,3667,0,113,180,1,3,1
LP002239,1,2,0,2,2,2346,1600,132,360,1,2,1
LP002243,1,1,0,2,2,3010,3136,-99999,360,0,3,2
LP002244,1,1,0,1,2,2333,2417,136,360,1,3,1
LP002250,1,1,0,1,2,5488,0,125,360,1,1,1
LP002255,1,2,3,1,2,9167,0,185,360,1,1,1
LP002262,1,1,3,1,2,9504,0,275,360,1,1,1
LP002263,1,1,0,1,2,2583,2115,120,360,-99999,3,1
LP002265,1,1,2,2,2,1993,1625,113,180,1,2,1
LP002266,1,1,2,1,2,3100,1400,113,360,1,3,1
LP002272,1,1,2,1,2,3276,484,135,360,-99999,2,1
LP002277,2,2,0,1,2,3180,0,71,360,0,3,2
LP002281,1,1,0,1,2,3033,1459,95,360,1,3,1
LP002284,1,2,0,2,2,3902,1666,109,360,1,1,1
LP002287,2,2,0,1,2,1500,1800,103,360,0,2,2
LP002288,1,1,2,2,2,2889,0,45,180,0,3,2
LP002296,1,2,0,2,2,2755,0,65,300,1,1,2
LP002297,1,2,0,1,2,2500,20000,103,360,1,2,1
LP002300,2,2,0,2,2,1963,0,53,360,1,2,1
LP002301,2,2,0,1,1,7441,0,194,360,1,1,2
LP002305,2,2,0,1,2,4547,0,115,360,1,2,1
LP002308,1,1,0,2,2,2167,2400,115,360,1,3,1
LP002314,2,2,0,2,2,2213,0,66,360,1,1,1
LP002315,1,1,1,1,2,8300,0,152,300,0,2,2
LP002317,1,1,3,1,2,81000,0,360,360,0,1,2
LP002318,2,2,1,2,1,3867,0,62,360,1,2,2
LP002319,1,1,0,1,-99999,6256,0,160,360,-99999,3,1
LP002328,1,1,0,2,2,6096,0,218,360,0,1,2
LP002332,1,1,0,2,2,2253,2033,110,360,1,1,1
LP002335,2,1,0,2,2,2149,3237,178,360,0,2,2
LP002337,2,2,0,1,2,2995,0,60,360,1,3,1
LP002341,2,2,1,1,2,2600,0,160,360,1,3,2
LP002342,1,1,2,1,1,1600,20000,239,360,1,3,2
LP002345,1,1,0,1,2,1025,2773,112,360,1,1,1
LP002347,1,1,0,1,2,3246,1417,138,360,1,2,1
LP002348,1,1,0,1,2,5829,0,138,360,1,1,1
LP002357,2,2,0,2,2,2720,0,80,-99999,0,3,2
LP002361,1,1,0,1,2,1820,1719,100,360,1,3,1
LP002362,1,1,1,1,2,7250,1667,110,-99999,0,3,2
LP002364,1,1,0,1,2,14880,0,96,360,1,2,1
LP002366,1,1,0,1,2,2666,4300,121,360,1,1,1
LP002367,2,2,1,2,2,4606,0,81,360,1,1,2
LP002368,1,1,2,1,2,5935,0,133,360,1,2,1
LP002369,1,1,0,1,2,2920,16.12000084,87,360,1,1,1
LP002370,1,2,0,2,2,2717,0,60,180,1,3,1
LP002377,2,2,1,1,1,8624,0,150,360,1,2,1
LP002379,1,2,0,1,2,6500,0,105,360,0,1,2
LP002386,1,2,0,1,-99999,12876,0,405,360,1,2,1
LP002387,1,1,0,1,2,2425,2340,143,360,1,2,1
LP002390,1,2,0,1,2,3750,0,100,360,1,3,1
LP002393,2,-99999,-99999,1,2,10047,0,-99999,240,1,2,1
LP002398,1,2,0,1,2,1926,1851,50,360,1,2,1
LP002401,1,1,0,1,2,2213,1125,-99999,360,1,3,1
LP002403,1,2,0,1,1,10416,0,187,360,0,3,2
LP002407,2,1,0,2,1,7142,0,138,360,1,1,1
LP002408,1,2,0,1,2,3660,5064,187,360,1,2,1
LP002409,1,1,0,1,2,7901,1833,180,360,1,1,1
LP002418,1,2,3,2,2,4707,1993,148,360,1,2,1
LP002422,1,2,1,1,2,37719,0,152,360,1,2,1
LP002424,1,1,0,1,2,7333,8333,175,300,-99999,1,1
LP002429,1,1,1,1,1,3466,1210,130,360,1,1,1
LP002434,1,1,2,2,2,4652,0,110,360,1,1,1
LP002435,1,1,0,1,-99999,3539,1376,55,360,1,1,2
LP002443,1,1,2,1,2,3340,1710,150,360,0,1,2
LP002444,1,2,1,2,1,2769,1542,190,360,-99999,2,2
LP002446,1,1,2,2,2,2309,1255,125,360,0,1,2
LP002447,1,1,2,2,2,1958,1456,60,300,-99999,3,1
LP002448,1,1,0,1,2,3948,1733,149,360,0,1,2
LP002449,1,1,0,1,2,2483,2466,90,180,0,1,1
LP002453,1,2,0,1,1,7085,0,84,360,1,2,1
LP002455,1,1,2,1,2,3859,0,96,360,1,2,1
LP002459,1,1,0,1,2,4301,0,118,360,1,3,1
LP002467,1,1,0,1,2,3708,2569,173,360,1,3,2
LP002472,1,2,2,1,2,4354,0,136,360,1,1,1
LP002473,1,1,0,1,2,8334,0,160,360,1,2,2
LP002478,-99999,1,0,1,1,2083,4083,160,360,-99999,2,1
LP002484,1,1,3,1,2,7740,0,128,180,1,3,1
LP002487,1,1,0,1,2,3015,2188,153,360,1,1,1
LP002489,2,2,1,2,-99999,5191,0,132,360,1,2,1
LP002493,1,2,0,1,2,4166,0,98,360,0,2,2
LP002494,1,2,0,1,2,6000,0,140,360,1,1,1
LP002500,1,1,3,2,2,2947,1664,70,180,0,3,2
LP002501,-99999,1,0,1,2,16692,0,110,360,1,2,1
LP002502,2,1,2,2,-99999,210,2917,98,360,1,2,1
LP002505,1,1,0,1,2,4333,2451,110,360,1,3,2
LP002515,1,1,1,1,1,3450,2079,162,360,1,2,1
LP002517,1,1,1,2,2,2653,1500,113,180,0,1,2
LP002519,1,1,3,1,2,4691,0,100,360,1,2,1
LP002522,2,2,0,1,1,2500,0,93,360,-99999,3,1
LP002524,1,2,2,1,2,5532,4648,162,360,1,1,1
LP002527,1,1,2,1,1,16525,1014,150,360,1,1,1
LP002529,1,1,2,1,2,6700,1750,230,300,1,2,1
LP002530,-99999,1,2,1,2,2873,1872,132,360,0,2,2
LP002531,1,1,1,1,1,16667,2250,86,360,1,2,1
LP002533,1,1,2,1,2,2947,1603,-99999,360,1,3,2
LP002534,2,2,0,2,2,4350,0,154,360,1,1,1
LP002536,1,1,3,2,2,3095,0,113,360,1,1,1
LP002537,1,1,0,1,2,2083,3150,128,360,1,2,1
LP002541,1,1,0,1,2,10833,0,234,360,1,2,1
LP002543,1,1,2,1,2,8333,0,246,360,1,2,1
LP002544,1,1,1,2,2,1958,2436,131,360,1,1,1
LP002545,1,2,2,1,2,3547,0,80,360,0,1,2
LP002547,1,1,1,1,2,18333,0,500,360,1,3,2
LP002555,1,1,2,1,1,4583,2083,160,360,1,2,1
LP002556,1,2,0,1,2,2435,0,75,360,1,3,2
LP002560,1,2,0,2,2,2699,2785,96,360,-99999,2,1
LP002562,1,1,1,2,2,5333,1131,186,360,-99999,3,1
LP002571,1,2,0,2,2,3691,0,110,360,1,1,1
LP002582,2,2,0,2,1,17263,0,225,360,1,2,1
LP002585,1,1,0,1,2,3597,2157,119,360,0,1,2
LP002586,2,1,1,1,2,3326,913,105,84,1,2,1
LP002587,1,1,0,2,2,2600,1700,107,360,1,1,1
LP002588,1,1,0,1,2,4625,2857,111,12,-99999,3,1
LP002600,1,1,1,1,1,2895,0,95,360,1,2,1
LP002602,1,2,0,1,2,6283,4416,209,360,0,1,2
LP002603,2,2,0,1,2,645,3683,113,480,1,1,1
LP002606,2,2,0,1,2,3159,0,100,360,1,2,1
LP002615,1,1,2,1,2,4865,5624,208,360,1,2,1
LP002618,1,1,1,2,2,4050,5302,138,360,-99999,1,2
LP002619,1,1,0,2,2,3814,1483,124,300,1,2,1
LP002622,1,1,2,1,2,3510,4416,243,360,1,1,1
LP002624,1,1,0,1,2,20833,6667,480,360,-99999,3,1
LP002625,-99999,2,0,1,2,3583,0,96,360,1,3,2
LP002626,1,1,0,1,1,2479,3013,188,360,1,3,1
LP002634,2,2,1,1,2,13262,0,40,360,1,3,1
LP002637,1,2,0,2,2,3598,1287,100,360,1,1,2
LP002640,1,1,1,1,2,6065,2004,250,360,1,2,1
LP002643,1,1,2,1,2,3283,2035,148,360,1,3,1
LP002648,1,1,0,1,2,2130,6666,70,180,1,2,2
LP002652,1,2,0,1,2,5815,3666,311,360,1,1,2
LP002659,1,1,3,1,2,3466,3428,150,360,1,1,1
LP002670,2,1,2,1,2,2031,1632,113,480,1,2,1
LP002682,1,1,-99999,2,2,3074,1800,123,360,0,2,2
LP002683,1,2,0,1,2,4683,1915,185,360,1,2,2
LP002684,2,2,0,2,2,3400,0,95,360,1,1,2
LP002689,1,1,2,2,2,2192,1742,45,360,1,2,1
LP002690,1,2,0,1,2,2500,0,55,360,1,2,1
LP002692,1,1,3,1,1,5677,1424,100,360,1,1,1
LP002693,1,1,2,1,1,7948,7166,480,360,1,1,1
LP002697,1,2,0,1,2,4680,2087,-99999,360,1,2,2
LP002699,1,1,2,1,1,17500,0,400,360,1,1,1
LP002705,1,1,0,1,2,3775,0,110,360,1,2,1
LP002706,1,1,1,2,2,5285,1430,161,360,0,2,1
LP002714,1,2,1,2,2,2679,1302,94,360,1,2,1
LP002716,1,2,0,2,2,6783,0,130,360,1,2,1
LP002717,1,1,0,1,2,1025,5500,216,360,-99999,1,1
LP002720,1,1,3,1,2,4281,0,100,360,1,3,1
LP002723,1,2,2,1,2,3588,0,110,360,0,1,2
LP002729,1,2,1,1,2,11250,0,196,360,-99999,2,2
LP002731,2,2,0,2,1,18165,0,125,360,1,3,1
LP002732,1,2,0,2,-99999,2550,2042,126,360,1,1,1
LP002734,1,1,0,1,2,6133,3906,324,360,1,3,1
LP002738,1,2,2,1,2,3617,0,107,360,1,2,1
LP002739,1,1,0,2,2,2917,536,66,360,1,1,2
LP002740,1,1,3,1,2,6417,0,157,180,1,1,1
LP002741,2,1,1,1,2,4608,2845,140,180,1,2,1
LP002743,2,2,0,1,2,2138,0,99,360,0,2,2
LP002753,2,2,1,1,-99999,3652,0,95,360,1,2,1
LP002755,1,1,1,2,2,2239,2524,128,360,1,3,1
LP002757,2,1,0,2,2,3017,663,102,360,-99999,2,1
LP002767,1,1,0,1,2,2768,1950,155,360,1,1,1
LP002768,1,2,0,2,2,3358,0,80,36,1,2,2
LP002772,1,2,0,1,2,2526,1783,145,360,1,1,1
LP002776,2,2,0,1,2,5000,0,103,360,0,2,2
LP002777,1,1,0,1,2,2785,2016,110,360,1,1,1
LP002778,1,1,2,1,1,6633,0,-99999,360,0,1,2
LP002784,1,1,1,2,2,2492,2375,-99999,360,1,1,1
LP002785,1,1,1,1,2,3333,3250,158,360,1,3,1
LP002788,1,1,0,2,2,2454,2333,181,360,0,3,2
LP002789,1,1,0,1,2,3593,4266,132,180,0,1,2
LP002792,1,1,1,1,2,5468,1032,26,360,1,2,1
LP002794,2,2,0,1,2,2667,1625,84,360,-99999,3,1
LP002795,1,1,3,1,1,10139,0,260,360,1,2,1
LP002798,1,1,0,1,2,3887,2669,162,360,1,2,1
LP002804,2,1,0,1,2,4180,2306,182,360,1,2,1
LP002807,1,1,2,2,2,3675,242,108,360,1,2,1
LP002813,2,1,1,1,1,19484,0,600,360,1,2,1
LP002820,1,1,0,1,2,5923,2054,211,360,1,1,1
LP002821,1,2,0,2,1,5800,0,132,360,1,2,1
LP002832,1,1,2,1,2,8799,0,258,360,0,3,2
LP002833,1,1,0,2,2,4467,0,120,360,-99999,1,1
LP002836,1,2,0,1,2,3333,0,70,360,1,3,1
LP002837,1,1,3,1,2,3400,2500,123,360,0,1,2
LP002840,2,2,0,1,2,2378,0,9,360,1,3,2
LP002841,1,1,0,1,2,3166,2064,104,360,0,3,2
LP002842,1,1,1,1,2,3417,1750,186,360,1,3,1
LP002847,1,1,-99999,1,2,5116,1451,165,360,0,3,2
LP002855,1,1,2,1,2,16666,0,275,360,1,3,1
LP002862,1,1,2,2,2,6125,1625,187,480,1,2,2
LP002863,1,1,3,1,2,6406,0,150,360,1,2,2
LP002868,1,1,2,1,2,3159,461,108,84,1,3,1
LP002872,-99999,1,0,1,2,3087,2210,136,360,0,2,2
LP002874,1,2,0,1,2,3229,2739,110,360,1,3,1
LP002877,1,1,1,1,2,1782,2232,107,360,1,1,1
LP002888,1,2,0,1,-99999,3182,2917,161,360,1,3,1
LP002892,1,1,2,1,2,6540,0,205,360,1,2,1
LP002893,1,2,0,1,2,1836,33837,90,360,1,3,2
LP002894,2,1,0,1,2,3166,0,36,360,1,2,1
LP002898,1,1,1,1,2,1880,0,61,360,-99999,1,2
LP002911,1,1,1,1,2,2787,1917,146,360,0,1,2
LP002912,1,1,1,1,2,4283,3000,172,84,1,1,2
LP002916,1,1,0,1,2,2297,1522,104,360,1,3,1
LP002917,2,2,0,2,2,2165,0,70,360,1,2,1
LP002925,-99999,2,0,1,2,4750,0,94,360,1,2,1
LP002926,1,1,2,1,1,2726,0,106,360,0,2,2
LP002928,1,1,0,1,2,3000,3416,56,180,1,2,1
LP002931,1,1,2,1,1,6000,0,205,240,1,2,2
LP002933,-99999,2,3,1,1,9357,0,292,360,1,2,1
LP002936,1,1,0,1,2,3859,3300,142,180,1,1,1
LP002938,1,1,0,1,1,16120,0,260,360,1,3,1
LP002940,1,2,0,2,2,3833,0,110,360,1,1,1
LP002941,1,1,2,2,1,6383,1000,187,360,1,1,2
LP002943,1,2,-99999,1,2,2987,0,88,360,0,2,2
LP002945,1,1,0,1,1,9963,0,180,360,1,1,1
LP002948,1,1,2,1,2,5780,0,192,360,1,3,1
LP002949,2,2,3,1,-99999,416,41667,350,180,-99999,3,2
LP002950,1,1,0,2,-99999,2894,2792,155,360,1,1,1
LP002953,1,1,3,1,2,5703,0,128,360,1,3,1
LP002958,1,2,0,1,2,3676,4301,172,360,1,1,1
LP002959,2,1,1,1,2,12000,0,496,360,1,2,1
LP002960,1,1,0,2,2,2400,3800,-99999,180,1,3,2
LP002961,1,1,1,1,2,3400,2500,173,360,1,2,1
LP002964,1,1,2,2,2,3987,1411,157,360,1,1,1
LP002974,1,1,0,1,2,3232,1950,108,360,1,1,1
LP002978,2,2,0,1,2,2900,0,71,360,1,1,1
LP002979,1,1,3,1,2,4106,0,40,180,1,1,1
LP002983,1,1,1,1,2,8072,240,253,360,1,3,1
LP002984,1,1,2,1,2,7583,0,187,360,1,3,1
LP002990,2,2,0,1,1,4583,0,133,360,0,2,2
